{
	"credit": "Made with Blockbench",
	"ambientocclusion": false,
	"textures": {
		"0": "block/torch_middle_side",
		"1": "block/torch_middle_top",
		"3": "block/torch_bottom_side",
		"4": "block/torch_bottom_bottom",
		"5": "block/torch_top_side",
		"6": "block/torch_top_top",
		"7": "block/torch_handle",
		"8": "block/torch_bottom_flappy_things",
		"particle": "block/torch_middle_side"
	},
	"elements": [
		{
			"name": "bottom",
			"from": [6, 0, 6],
			"to": [10, 2, 10],
			"rotation": {"angle": 0, "axis": "y", "origin": [16, 8, 15]},
			"faces": {
				"north": {"uv": [0, 0, 4, 2], "texture": "#3"},
				"east": {"uv": [0, 0, 4, 2], "texture": "#3"},
				"south": {"uv": [0, 0, 4, 2], "texture": "#3"},
				"west": {"uv": [0, 0, 4, 2], "texture": "#3"},
				"up": {"uv": [0, 0, 4, 4], "texture": "#missing"},
				"down": {"uv": [0, 0, 4, 4], "texture": "#4"}
			}
		},
		{
			"name": "top",
			"from": [6, 10, 6],
			"to": [10, 11, 10],
			"rotation": {"angle": 0, "axis": "y", "origin": [16, 18, 15]},
			"faces": {
				"north": {"uv": [0, 0, 4, 1], "texture": "#5"},
				"east": {"uv": [0, 0, 4, 1], "texture": "#5"},
				"south": {"uv": [0, 0, 4, 1], "texture": "#5"},
				"west": {"uv": [0, 0, 4, 1], "texture": "#5"},
				"up": {"uv": [0, 0, 4, 4], "texture": "#6"},
				"down": {"uv": [0, 0, 4, 4], "texture": "#missing"}
			}
		},
		{
			"name": "middle",
			"from": [3, 2, 3],
			"to": [13, 10, 13],
			"rotation": {"angle": 0, "axis": "y", "origin": [16, 10, 15]},
			"faces": {
				"north": {"uv": [0, 0, 10, 8], "texture": "#0"},
				"east": {"uv": [0, 0, 10, 8], "texture": "#0"},
				"south": {"uv": [0, 0, 10, 8], "texture": "#0"},
				"west": {"uv": [0, 0, 10, 8], "texture": "#0"},
				"up": {"uv": [0, 0, 10, 10], "texture": "#1"},
				"down": {"uv": [0, 0, 10, 10], "texture": "#1"}
			}
		},
		{
			"name": "top",
			"from": [6.525, 12, 8],
			"to": [9.075, 13, 9],
			"rotation": {"angle": -45, "axis": "y", "origin": [8.5, 12.5, 8.5]},
			"faces": {
				"north": {"uv": [0, 0, 3, 1], "texture": "#7"},
				"east": {"uv": [0, 1, 1, 2], "texture": "#7"},
				"south": {"uv": [0, 1, 3, 2], "texture": "#7"},
				"west": {"uv": [1, 1, 2, 2], "texture": "#7"},
				"up": {"uv": [0, 2, 3, 3], "texture": "#7"},
				"down": {"uv": [0, 3, 3, 4], "texture": "#7"}
			}
		},
		{
			"name": "top",
			"from": [6.525, 14, 8],
			"to": [9.075, 15, 9],
			"rotation": {"angle": -45, "axis": "y", "origin": [8.5, 14.5, 8.5]},
			"faces": {
				"north": {"uv": [0, 0, 3, 1], "texture": "#7"},
				"east": {"uv": [0, 1, 1, 2], "texture": "#7"},
				"south": {"uv": [0, 1, 3, 2], "texture": "#7"},
				"west": {"uv": [1, 1, 2, 2], "texture": "#7"},
				"up": {"uv": [0, 2, 3, 3], "texture": "#7"},
				"down": {"uv": [0, 3, 3, 4], "texture": "#7"}
			}
		},
		{
			"name": "top",
			"from": [6.73003, 12, 7.50503],
			"to": [9.28003, 13, 8.50503],
			"rotation": {"angle": 45, "axis": "y", "origin": [8.00503, 12.5, 8.00503]},
			"faces": {
				"north": {"uv": [0, 0, 3, 1], "texture": "#7"},
				"east": {"uv": [0, 1, 1, 2], "texture": "#7"},
				"south": {"uv": [0, 1, 3, 2], "texture": "#7"},
				"west": {"uv": [1, 1, 2, 2], "texture": "#7"},
				"up": {"uv": [0, 2, 3, 3], "texture": "#7"},
				"down": {"uv": [0, 3, 3, 4], "texture": "#7"}
			}
		},
		{
			"name": "top",
			"from": [6.73003, 14, 7.50503],
			"to": [9.28003, 15, 8.50503],
			"rotation": {"angle": 45, "axis": "y", "origin": [8.00503, 14.5, 8.00503]},
			"faces": {
				"north": {"uv": [0, 0, 3, 1], "texture": "#7"},
				"east": {"uv": [0, 1, 1, 2], "texture": "#7"},
				"south": {"uv": [0, 1, 3, 2], "texture": "#7"},
				"west": {"uv": [1, 1, 2, 2], "texture": "#7"},
				"up": {"uv": [0, 2, 3, 3], "texture": "#7"},
				"down": {"uv": [0, 3, 3, 4], "texture": "#7"}
			}
		},
		{
			"name": "bottom",
			"from": [5.73223, 11, 7.5],
			"to": [6.73223, 12, 8.5],
			"rotation": {"angle": -45, "axis": "y", "origin": [8, 13.16667, 8]},
			"faces": {
				"north": {"uv": [1, 2, 2, 3], "texture": "#7"},
				"east": {"uv": [1, 2, 2, 3], "texture": "#7"},
				"south": {"uv": [0, 2, 1, 3], "texture": "#7"},
				"west": {"uv": [1, 1, 2, 2], "texture": "#7"},
				"up": {"uv": [2, 1, 3, 2], "texture": "#7"},
				"down": {"uv": [1, 2, 2, 3], "texture": "#7"}
			}
		},
		{
			"name": "bottom",
			"from": [5.73223, 15, 7.5],
			"to": [6.73223, 16, 8.5],
			"rotation": {"angle": -45, "axis": "y", "origin": [8, 17.16667, 8]},
			"faces": {
				"north": {"uv": [1, 2, 2, 3], "texture": "#7"},
				"east": {"uv": [1, 2, 2, 3], "texture": "#7"},
				"south": {"uv": [0, 2, 1, 3], "texture": "#7"},
				"west": {"uv": [1, 1, 2, 2], "texture": "#7"},
				"up": {"uv": [2, 1, 3, 2], "texture": "#7"},
				"down": {"uv": [1, 2, 2, 3], "texture": "#7"}
			}
		},
		{
			"name": "bottom",
			"from": [5.73223, 13, 7.5],
			"to": [6.73223, 14, 8.5],
			"rotation": {"angle": 45, "axis": "y", "origin": [8, 15.16667, 8]},
			"faces": {
				"north": {"uv": [1, 2, 2, 3], "texture": "#7"},
				"east": {"uv": [1, 2, 2, 3], "texture": "#7"},
				"south": {"uv": [0, 2, 1, 3], "texture": "#7"},
				"west": {"uv": [1, 1, 2, 2], "texture": "#7"},
				"up": {"uv": [2, 1, 3, 2], "texture": "#7"},
				"down": {"uv": [1, 2, 2, 3], "texture": "#7"}
			}
		},
		{
			"name": "bottom",
			"from": [9.26777, 11, 7.5],
			"to": [10.26777, 12, 8.5],
			"rotation": {"angle": -45, "axis": "y", "origin": [8, 13.16667, 8]},
			"faces": {
				"north": {"uv": [2, 0, 3, 1], "texture": "#7"},
				"east": {"uv": [2, 1, 3, 2], "texture": "#7"},
				"south": {"uv": [0, 0, 1, 1], "texture": "#7"},
				"west": {"uv": [1, 1, 2, 2], "texture": "#7"},
				"up": {"uv": [2, 3, 3, 4], "texture": "#7"},
				"down": {"uv": [1, 2, 2, 3], "texture": "#7"}
			}
		},
		{
			"name": "bottom",
			"from": [9.26777, 15, 7.5],
			"to": [10.26777, 16, 8.5],
			"rotation": {"angle": -45, "axis": "y", "origin": [8, 17.16667, 8]},
			"faces": {
				"north": {"uv": [2, 0, 3, 1], "texture": "#7"},
				"east": {"uv": [2, 1, 3, 2], "texture": "#7"},
				"south": {"uv": [0, 0, 1, 1], "texture": "#7"},
				"west": {"uv": [1, 1, 2, 2], "texture": "#7"},
				"up": {"uv": [2, 3, 3, 4], "texture": "#7"},
				"down": {"uv": [1, 2, 2, 3], "texture": "#7"}
			}
		},
		{
			"name": "bottom",
			"from": [9.26777, 13, 7.5],
			"to": [10.26777, 14, 8.5],
			"rotation": {"angle": 45, "axis": "y", "origin": [8, 15.16667, 8]},
			"faces": {
				"north": {"uv": [2, 0, 3, 1], "texture": "#7"},
				"east": {"uv": [2, 1, 3, 2], "texture": "#7"},
				"south": {"uv": [0, 0, 1, 1], "texture": "#7"},
				"west": {"uv": [1, 1, 2, 2], "texture": "#7"},
				"up": {"uv": [2, 3, 3, 4], "texture": "#7"},
				"down": {"uv": [1, 2, 2, 3], "texture": "#7"}
			}
		},
		{
			"from": [9.5, -4, 6],
			"to": [10, 0, 6.5],
			"rotation": {"angle": 0, "axis": "y", "origin": [17.25, 7, 13.75]},
			"faces": {
				"north": {"uv": [6, 4, 7, 8], "texture": "#8"},
				"east": {"uv": [2, 3, 3, 7], "texture": "#8"},
				"south": {"uv": [7, 4, 8, 8], "texture": "#8"},
				"west": {"uv": [8, 5, 9, 9], "texture": "#8"},
				"up": {"uv": [5, 4, 6, 5], "texture": "#8"},
				"down": {"uv": [2, 3, 3, 4], "texture": "#8"}
			}
		},
		{
			"from": [9.5, -4, 9.5],
			"to": [10, 0, 10],
			"rotation": {"angle": 0, "axis": "y", "origin": [17.25, 7, 17.25]},
			"faces": {
				"north": {"uv": [10, 6, 11, 10], "texture": "#8"},
				"east": {"uv": [5, 5, 6, 9], "texture": "#8"},
				"south": {"uv": [15, 5, 16, 9], "texture": "#8"},
				"west": {"uv": [5, 4, 6, 8], "texture": "#8"},
				"up": {"uv": [5, 4, 6, 5], "texture": "#8"},
				"down": {"uv": [2, 7, 3, 8], "texture": "#8"}
			}
		},
		{
			"from": [8.5, -3, 6],
			"to": [9, 0, 6.5],
			"rotation": {"angle": 0, "axis": "y", "origin": [8, -1.5, 8]},
			"faces": {
				"north": {"uv": [10, 3, 11, 6], "texture": "#8"},
				"east": {"uv": [4, 5, 5, 8], "texture": "#8"},
				"south": {"uv": [9, 7, 10, 10], "texture": "#8"},
				"west": {"uv": [11, 4, 12, 7], "texture": "#8"},
				"up": {"uv": [3, 7, 4, 8], "texture": "#8"},
				"down": {"uv": [8, 4, 9, 5], "texture": "#8"}
			}
		},
		{
			"from": [9.5, -3, 8.5],
			"to": [10, 0, 9],
			"rotation": {"angle": 0, "axis": "y", "origin": [8, -1.5, 8]},
			"faces": {
				"north": {"uv": [6, 3, 7, 6], "texture": "#8"},
				"east": {"uv": [5, 4, 6, 7], "texture": "#8"},
				"south": {"uv": [7, 6, 8, 9], "texture": "#8"},
				"west": {"uv": [5, 5, 6, 8], "texture": "#8"},
				"up": {"uv": [1, 1, 2, 2], "rotation": 90, "texture": "#8"},
				"down": {"uv": [2, 4, 3, 5], "rotation": 270, "texture": "#8"}
			}
		},
		{
			"from": [8.5, -3, 9.5],
			"to": [9, 0, 10],
			"rotation": {"angle": 0, "axis": "y", "origin": [8, -1.5, 8]},
			"faces": {
				"north": {"uv": [4, 5, 5, 8], "texture": "#8"},
				"east": {"uv": [4, 7, 5, 10], "texture": "#8"},
				"south": {"uv": [9, 8, 10, 11], "texture": "#8"},
				"west": {"uv": [3, 3, 4, 6], "texture": "#8"},
				"up": {"uv": [3, 5, 4, 6], "texture": "#8"},
				"down": {"uv": [5, 2, 6, 3], "texture": "#8"}
			}
		},
		{
			"from": [6, -3, 8.5],
			"to": [6.5, 0, 9],
			"rotation": {"angle": 0, "axis": "y", "origin": [8, -1.5, 8]},
			"faces": {
				"north": {"uv": [10, 5, 11, 8], "texture": "#8"},
				"east": {"uv": [4, 8, 5, 11], "texture": "#8"},
				"south": {"uv": [12, 3, 13, 6], "texture": "#8"},
				"west": {"uv": [5, 7, 6, 10], "texture": "#8"},
				"up": {"uv": [4, 5, 5, 6], "rotation": 90, "texture": "#8"},
				"down": {"uv": [2, 5, 3, 6], "rotation": 270, "texture": "#8"}
			}
		},
		{
			"from": [7.75, -3, 6],
			"to": [8.25, 0, 6.5],
			"rotation": {"angle": 0, "axis": "y", "origin": [8, -1.5, 8]},
			"faces": {
				"north": {"uv": [9, 7, 10, 10], "texture": "#8"},
				"east": {"uv": [2, 5, 3, 8], "texture": "#8"},
				"south": {"uv": [5, 2, 6, 5], "texture": "#8"},
				"west": {"uv": [11, 3, 12, 6], "texture": "#8"},
				"up": {"uv": [3, 4, 4, 5], "texture": "#8"},
				"down": {"uv": [2, 7, 3, 8], "texture": "#8"}
			}
		},
		{
			"from": [9.5, -3, 7.75],
			"to": [10, 0, 8.25],
			"rotation": {"angle": 0, "axis": "y", "origin": [8, -1.5, 8]},
			"faces": {
				"north": {"uv": [14, 7, 15, 10], "texture": "#8"},
				"east": {"uv": [5, 13, 6, 16], "texture": "#8"},
				"south": {"uv": [13, 4, 14, 7], "texture": "#8"},
				"west": {"uv": [7, 8, 8, 11], "texture": "#8"},
				"up": {"uv": [4, 4, 5, 5], "rotation": 90, "texture": "#8"},
				"down": {"uv": [5, 3, 6, 4], "rotation": 270, "texture": "#8"}
			}
		},
		{
			"from": [7.75, -3, 9.5],
			"to": [8.25, 0, 10],
			"rotation": {"angle": 0, "axis": "y", "origin": [8, -1.5, 8]},
			"faces": {
				"north": {"uv": [2, 2, 3, 5], "texture": "#8"},
				"east": {"uv": [8, 6, 9, 9], "texture": "#8"},
				"south": {"uv": [7, 6, 8, 9], "texture": "#8"},
				"west": {"uv": [10, 7, 11, 10], "texture": "#8"},
				"up": {"uv": [3, 3, 4, 4], "texture": "#8"},
				"down": {"uv": [5, 6, 6, 7], "texture": "#8"}
			}
		},
		{
			"from": [6, -3, 7.75],
			"to": [6.5, 0, 8.25],
			"rotation": {"angle": 0, "axis": "y", "origin": [8, -1.5, 8]},
			"faces": {
				"north": {"uv": [15, 9, 16, 12], "texture": "#8"},
				"east": {"uv": [6, 8, 7, 11], "texture": "#8"},
				"south": {"uv": [4, 3, 5, 6], "texture": "#8"},
				"west": {"uv": [4, 9, 5, 12], "texture": "#8"},
				"up": {"uv": [10, 6, 11, 7], "rotation": 90, "texture": "#8"},
				"down": {"uv": [3, 7, 4, 8], "rotation": 270, "texture": "#8"}
			}
		},
		{
			"from": [7, -3, 6],
			"to": [7.5, 0, 6.5],
			"rotation": {"angle": 0, "axis": "y", "origin": [8, -1.5, 8]},
			"faces": {
				"north": {"uv": [11, 7, 12, 10], "texture": "#8"},
				"east": {"uv": [3, 7, 4, 10], "texture": "#8"},
				"south": {"uv": [12, 3, 13, 6], "texture": "#8"},
				"west": {"uv": [8, 3, 9, 6], "texture": "#8"},
				"up": {"uv": [6, 4, 7, 5], "texture": "#8"},
				"down": {"uv": [0, 4, 1, 5], "texture": "#8"}
			}
		},
		{
			"from": [9.5, -3, 7],
			"to": [10, 0, 7.5],
			"rotation": {"angle": 0, "axis": "y", "origin": [8, -1.5, 8]},
			"faces": {
				"north": {"uv": [10, 2, 11, 5], "texture": "#8"},
				"east": {"uv": [8, 7, 9, 10], "texture": "#8"},
				"south": {"uv": [12, 2, 13, 5], "texture": "#8"},
				"west": {"uv": [7, 4, 8, 7], "texture": "#8"},
				"up": {"uv": [10, 7, 11, 8], "rotation": 90, "texture": "#8"},
				"down": {"uv": [5, 9, 6, 10], "rotation": 270, "texture": "#8"}
			}
		},
		{
			"from": [7, -3, 9.5],
			"to": [7.5, 0, 10],
			"rotation": {"angle": 0, "axis": "y", "origin": [8, -1.5, 8]},
			"faces": {
				"north": {"uv": [6, 6, 7, 9], "texture": "#8"},
				"east": {"uv": [7, 6, 8, 9], "texture": "#8"},
				"south": {"uv": [7, 4, 8, 7], "texture": "#8"},
				"west": {"uv": [5, 4, 6, 7], "texture": "#8"},
				"up": {"uv": [2, 4, 3, 5], "texture": "#8"},
				"down": {"uv": [3, 2, 4, 3], "texture": "#8"}
			}
		},
		{
			"from": [6, -3, 7],
			"to": [6.5, 0, 7.5],
			"rotation": {"angle": 0, "axis": "y", "origin": [8, -1.5, 8]},
			"faces": {
				"north": {"uv": [11, 9, 12, 12], "texture": "#8"},
				"east": {"uv": [2, 6, 3, 9], "texture": "#8"},
				"south": {"uv": [4, 6, 5, 9], "texture": "#8"},
				"west": {"uv": [4, 5, 5, 8], "texture": "#8"},
				"up": {"uv": [9, 11, 10, 12], "rotation": 90, "texture": "#8"},
				"down": {"uv": [0, 5, 1, 6], "rotation": 270, "texture": "#8"}
			}
		},
		{
			"from": [6, -4, 6],
			"to": [6.5, 0, 6.5],
			"rotation": {"angle": 0, "axis": "y", "origin": [13.75, 7, 13.75]},
			"faces": {
				"north": {"uv": [8, 6, 9, 10], "texture": "#8"},
				"east": {"uv": [6, 6, 7, 10], "texture": "#8"},
				"south": {"uv": [5, 6, 6, 10], "texture": "#8"},
				"west": {"uv": [7, 1, 8, 5], "texture": "#8"},
				"up": {"uv": [6, 5, 7, 6], "texture": "#8"},
				"down": {"uv": [2, 5, 3, 6], "texture": "#8"}
			}
		},
		{
			"from": [6, -4, 9.5],
			"to": [6.5, 0, 10],
			"rotation": {"angle": 0, "axis": "y", "origin": [13.75, 7, 17.25]},
			"faces": {
				"north": {"uv": [7, 4, 8, 8], "texture": "#8"},
				"east": {"uv": [11, 10, 12, 14], "texture": "#8"},
				"south": {"uv": [8, 7, 9, 11], "texture": "#8"},
				"west": {"uv": [3, 9, 4, 13], "texture": "#8"},
				"up": {"uv": [13, 1, 14, 2], "texture": "#8"},
				"down": {"uv": [6, 1, 7, 2], "texture": "#8"}
			}
		}
	],
	"groups": [0, 1, 2,
		{
			"name": "handle",
			"origin": [9.25, 10.5, 9.25],
			"children": [3, 4, 5, 6, 7, 8, 9, 10, 11, 12,
				{
					"name": "group",
					"origin": [13.75, 7, 13.75],
					"children": [13, 14, 15, 16, 17, 18, 19, 20, 21, 22, 23, 24, 25, 26, 27, 28]
				}
			]
		}
	]
}