{
	"credit": "Made with Blockbench",
	"ambientocclusion": false,
	"textures": {
		"0": "block/torch_middle_side",
		"1": "block/torch_middle_top",
		"3": "block/torch_bottom_side",
		"4": "block/torch_bottom_bottom",
		"5": "block/torch_top_side",
		"6": "block/torch_top_top",
		"7": "block/torch_handle",
		"particle": "block/torch_middle_side"
	},
	"elements": [
		{
			"name": "bottom",
			"from": [6, 0, 6],
			"to": [10, 2, 10],
			"rotation": {"angle": 0, "axis": "y", "origin": [16, 8, 15]},
			"faces": {
				"north": {"uv": [0, 0, 4, 2], "texture": "#3"},
				"east": {"uv": [0, 0, 4, 2], "texture": "#3"},
				"south": {"uv": [0, 0, 4, 2], "texture": "#3"},
				"west": {"uv": [0, 0, 4, 2], "texture": "#3"},
				"up": {"uv": [0, 0, 4, 4], "texture": "#missing"},
				"down": {"uv": [0, 0, 4, 4], "texture": "#4"}
			}
		},
		{
			"name": "top",
			"from": [6, 10, 6],
			"to": [10, 11, 10],
			"rotation": {"angle": 0, "axis": "y", "origin": [16, 18, 15]},
			"faces": {
				"north": {"uv": [0, 0, 4, 1], "texture": "#5"},
				"east": {"uv": [0, 0, 4, 1], "texture": "#5"},
				"south": {"uv": [0, 0, 4, 1], "texture": "#5"},
				"west": {"uv": [0, 0, 4, 1], "texture": "#5"},
				"up": {"uv": [0, 0, 4, 4], "texture": "#6"},
				"down": {"uv": [0, 0, 4, 4], "texture": "#missing"}
			}
		},
		{
			"name": "middle",
			"from": [3, 2, 3],
			"to": [13, 10, 13],
			"rotation": {"angle": 0, "axis": "y", "origin": [16, 10, 15]},
			"faces": {
				"north": {"uv": [0, 0, 10, 8], "texture": "#0"},
				"east": {"uv": [0, 0, 10, 8], "texture": "#0"},
				"south": {"uv": [0, 0, 10, 8], "texture": "#0"},
				"west": {"uv": [0, 0, 10, 8], "texture": "#0"},
				"up": {"uv": [0, 0, 10, 10], "texture": "#1"},
				"down": {"uv": [0, 0, 10, 10], "texture": "#1"}
			}
		},
		{
			"name": "top",
			"from": [6.525, 12, 8],
			"to": [9.075, 13, 9],
			"rotation": {"angle": -45, "axis": "y", "origin": [8.5, 12.5, 8.5]},
			"faces": {
				"north": {"uv": [0, 0, 3, 1], "texture": "#7"},
				"east": {"uv": [0, 1, 1, 2], "texture": "#7"},
				"south": {"uv": [0, 1, 3, 2], "texture": "#7"},
				"west": {"uv": [1, 1, 2, 2], "texture": "#7"},
				"up": {"uv": [0, 2, 3, 3], "texture": "#7"},
				"down": {"uv": [0, 3, 3, 4], "texture": "#7"}
			}
		},
		{
			"name": "bottom",
			"from": [6.25, 11, 6.25],
			"to": [7.25, 12, 7.25],
			"rotation": {"angle": -45, "axis": "y", "origin": [6.75, 11.5, 6.75]},
			"faces": {
				"north": {"uv": [1, 2, 2, 3], "texture": "#7"},
				"east": {"uv": [1, 2, 2, 3], "texture": "#7"},
				"south": {"uv": [0, 2, 1, 3], "texture": "#7"},
				"west": {"uv": [1, 1, 2, 2], "texture": "#7"},
				"up": {"uv": [2, 1, 3, 2], "texture": "#7"},
				"down": {"uv": [1, 2, 2, 3], "texture": "#7"}
			}
		},
		{
			"name": "bottom",
			"from": [8.75, 11, 8.75],
			"to": [9.75, 12, 9.75],
			"rotation": {"angle": -45, "axis": "y", "origin": [9.25, 11.5, 9.25]},
			"faces": {
				"north": {"uv": [2, 0, 3, 1], "texture": "#7"},
				"east": {"uv": [2, 1, 3, 2], "texture": "#7"},
				"south": {"uv": [0, 0, 1, 1], "texture": "#7"},
				"west": {"uv": [1, 1, 2, 2], "texture": "#7"},
				"up": {"uv": [2, 3, 3, 4], "texture": "#7"},
				"down": {"uv": [1, 2, 2, 3], "texture": "#7"}
			}
		}
	],
	"display": {},
	"groups": [0, 1, 2,
		{
			"name": "handle",
			"origin": [9.25, 10.5, 9.25],
			"children": [3, 4, 5]
		}
	]
}