{
	"credit": "Made with Blockbench",
	"textures": {
		"0": "block/spruce_planks",
		"1": "block/meat_inside",
		"2": "block/bone",
		"3": "block/meat_outside",
		"particle": "block/spruce_planks",
		"1_2": "block/iron_block",
		"1_1_1": "block/spruce_log"
	},
	"elements": [
		{
			"name": "base",
			"from": [2, 0, 2],
			"to": [14, 1, 14],
			"rotation": {"angle": 0, "axis": "y", "origin": [0, 0, 0]},
			"faces": {
				"north": {"uv": [0, 0, 12, 1], "texture": "#0"},
				"east": {"uv": [0, 0, 12, 1], "texture": "#0"},
				"south": {"uv": [0, 0, 12, 1], "texture": "#0"},
				"west": {"uv": [0, 0, 12, 1], "texture": "#0"},
				"up": {"uv": [0, 0, 12, 12], "texture": "#0"},
				"down": {"uv": [0, 0, 12, 12], "texture": "#0"}
			}
		},
		{
			"from": [8.53357, 0.80625, 3.49401],
			"to": [12.78357, 1.68125, 4.14401],
			"rotation": {"angle": 22.5, "axis": "y", "origin": [9.22107, 1.25, 5.04401]},
			"faces": {
				"north": {"uv": [6, 6, 11, 7], "texture": "#1_1_1"},
				"east": {"uv": [12, 8, 13, 9], "rotation": 90, "texture": "#1_1_1"},
				"south": {"uv": [6, 9, 11, 10], "rotation": 180, "texture": "#1_1_1"},
				"west": {"uv": [13, 6, 14, 7], "rotation": 270, "texture": "#1_1_1"},
				"up": {"uv": [3, 4, 8, 5], "texture": "#1_1_1"},
				"down": {"uv": [7, 5, 12, 6], "rotation": 180, "texture": "#1_1_1"}
			}
		},
		{
			"from": [2.53357, 1.00625, 3.64401],
			"to": [9.03357, 1.50625, 4.89401],
			"rotation": {"angle": 22.5, "axis": "y", "origin": [9.22107, 1.25, 5.04401]},
			"faces": {
				"north": {"uv": [0, 0, 8.5, 0.75], "texture": "#1_2"},
				"east": {"uv": [0, 0, 0.75, 3.25], "rotation": 90, "texture": "#1_2"},
				"south": {"uv": [0, 3, 9, 4], "rotation": 180, "texture": "#1_2"},
				"west": {"uv": [14, 0, 15, 2], "rotation": 270, "texture": "#1_2"},
				"up": {"uv": [3, 3, 16, 6], "texture": "#1_2"},
				"down": {"uv": [0, 0, 8, 2], "rotation": 180, "texture": "#1_2"}
			}
		},
		{
			"from": [3, 1, 8.5],
			"to": [6.7, 1.5, 10.3],
			"rotation": {"angle": -22.5, "axis": "y", "origin": [6.09117, 1.24999, 10.57097]},
			"faces": {
				"north": {"uv": [0, 0, 3.7, 0.5], "texture": "#3"},
				"east": {"uv": [0, 0, 1.8, 0.5], "texture": "#missing"},
				"south": {"uv": [0, 0, 3.7, 0.5], "texture": "#missing"},
				"west": {"uv": [5, 3, 8, 4], "texture": "#3"},
				"up": {"uv": [4, 3, 10, 6], "texture": "#3"}
			}
		},
		{
			"from": [3, 1, 10.3],
			"to": [8.5, 1.5, 11.75],
			"rotation": {"angle": -22.5, "axis": "y", "origin": [6.09117, 1.24999, 10.57097]},
			"faces": {
				"north": {"uv": [0, 0, 5.5, 0.5], "texture": "#missing"},
				"east": {"uv": [7, 6, 9, 7], "texture": "#3"},
				"south": {"uv": [0, 0, 5.5, 0.5], "texture": "#missing"},
				"west": {"uv": [8, 1, 10, 2], "texture": "#3"},
				"up": {"uv": [0, 0, 9, 2], "texture": "#3"}
			}
		},
		{
			"from": [6.68609, 1, 9.53387],
			"to": [7.98609, 1.4998, 12.08387],
			"rotation": {"angle": 22.5, "axis": "y", "origin": [6.09117, 1.24999, 10.57097]},
			"faces": {
				"north": {"uv": [0, 0, 1.3, 0.4998], "texture": "#missing"},
				"east": {"uv": [6, 4, 11, 5], "texture": "#1"},
				"south": {"uv": [0, 0, 1.3, 0.4998], "texture": "#missing"},
				"west": {"uv": [0, 0, 2.55, 0.4998], "texture": "#missing"},
				"up": {"uv": [10, 12, 13, 14], "rotation": 270, "texture": "#3"}
			}
		},
		{
			"name": "bone",
			"from": [3, 1, 11.75],
			"to": [10, 1.5, 12.25],
			"rotation": {"angle": -22.5, "axis": "y", "origin": [6.09117, 1.24999, 10.57097]},
			"faces": {
				"north": {"uv": [0, 0, 7, 1], "texture": "#2"},
				"east": {"uv": [0, 1, 1, 2], "texture": "#2"},
				"south": {"uv": [0, 0, 7, 1], "texture": "#2"},
				"west": {"uv": [0, 0, 0.5, 0.5], "texture": "#2"},
				"up": {"uv": [0, 0, 7, 1], "texture": "#2"}
			}
		},
		{
			"from": [9.71277, 0.99995, 9.04277],
			"to": [10.21267, 1.19995, 9.84277],
			"rotation": {"angle": 0, "axis": "z", "origin": [9.78772, 0.99995, 9.44277]},
			"faces": {
				"north": {"uv": [2, 4, 3, 5], "rotation": 270, "texture": "#3"},
				"east": {"uv": [5, 4, 6, 5], "rotation": 180, "texture": "#3"},
				"south": {"uv": [6, 3, 7, 4], "rotation": 90, "texture": "#3"},
				"west": {"uv": [6, 3, 7, 4], "texture": "#3"},
				"up": {"uv": [1, 2, 2, 3], "rotation": 90, "texture": "#1"}
			}
		},
		{
			"from": [9.51277, 1.02495, 8.86777],
			"to": [10.01267, 1.22495, 10.04277],
			"rotation": {"angle": 45, "axis": "z", "origin": [9.53772, 0.99995, 9.45527]},
			"faces": {
				"north": {"uv": [5, 6, 6, 7], "rotation": 270, "texture": "#3"},
				"east": {"uv": [7, 4, 9, 5], "rotation": 180, "texture": "#3"},
				"south": {"uv": [6, 4, 7, 5], "rotation": 90, "texture": "#3"},
				"west": {"uv": [4, 4, 6, 5], "texture": "#3"},
				"up": {"uv": [8, 7, 10, 8], "rotation": 90, "texture": "#1"},
				"down": {"uv": [8, 7, 10, 8], "rotation": 90, "texture": "#1"}
			}
		},
		{
			"from": [9.08772, 1, 8.69277],
			"to": [9.28772, 1.4999, 10.31777],
			"rotation": {"angle": -22.5, "axis": "z", "origin": [9.28772, 0.99995, 9.50527]},
			"faces": {
				"north": {"uv": [5, 4, 6, 5], "texture": "#3"},
				"east": {"uv": [4, 3, 8, 4], "texture": "#1"},
				"south": {"uv": [5, 3, 6, 4], "texture": "#3"},
				"west": {"uv": [4, 3, 8, 4], "texture": "#1"},
				"up": {"uv": [9, 4, 13, 5], "rotation": 90, "texture": "#3"},
				"down": {"uv": [4, 5, 8, 6], "rotation": 270, "texture": "#3"}
			}
		},
		{
			"from": [8.86272, 1.025, 8.46777],
			"to": [9.06272, 1.5249, 10.54277],
			"rotation": {"angle": -22.5, "axis": "z", "origin": [9.03772, 0.99995, 9.50527]},
			"faces": {
				"north": {"uv": [6, 5, 7, 6], "texture": "#3"},
				"east": {"uv": [4, 3, 8, 4], "texture": "#1"},
				"south": {"uv": [8, 3, 9, 4], "texture": "#3"},
				"west": {"uv": [4, 3, 8, 4], "texture": "#1"},
				"up": {"uv": [2, 5, 6, 6], "rotation": 90, "texture": "#3"},
				"down": {"uv": [7, 6, 11, 7], "rotation": 270, "texture": "#3"}
			}
		}
	],
	"display": {
		"fixed": {
			"rotation": [-90, 0, 0],
			"translation": [0, 0, -15.75],
			"scale": [2.1, 2.1, 2.1]
		}
	},
	"groups": [0,
		{
			"name": "steak",
			"origin": [7.49323, 0.5, 4.29321],
			"children": [
				{
					"name": "breadKnife",
					"origin": [8, 8, 8],
					"children": [1, 2]
				},
				{
					"name": "meat",
					"origin": [7.49323, 0.5, 4.29321],
					"children": [
						{
							"name": "main",
							"origin": [6.09117, 1.24999, 10.57097],
							"children": [3, 4, 5,
								{
									"name": "bone",
									"origin": [8, 8, 8],
									"children": [6]
								}
							]
						},
						{
							"name": "slices",
							"origin": [6.09117, 1.24999, 10.57097],
							"children": [7, 8, 9, 10]
						}
					]
				}
			]
		}
	]
}