{
	"credit": "Made with Blockbench",
	"textures": {
		"0": "block/spruce_planks",
		"1": "block/bread_",
		"2": "block/iron_block",
		"particle": "block/spruce_planks",
		"1_1": "block/spruce_log"
	},
	"elements": [
		{
			"name": "base",
			"from": [2, 0, 2],
			"to": [14, 1, 14],
			"rotation": {"angle": 0, "axis": "y", "origin": [9, 8, 10]},
			"faces": {
				"north": {"uv": [0, 0, 12, 1], "texture": "#0"},
				"east": {"uv": [0, 0, 12, 1], "texture": "#0"},
				"south": {"uv": [0, 0, 12, 1], "texture": "#0"},
				"west": {"uv": [0, 0, 12, 1], "texture": "#0"},
				"up": {"uv": [0, 0, 12, 12], "texture": "#0"},
				"down": {"uv": [0, 0, 12, 12], "texture": "#0"}
			}
		},
		{
			"from": [3.6, 0.80625, 0.00625],
			"to": [4.75, 1.93125, 5.50625],
			"rotation": {"angle": 0, "axis": "z", "origin": [4.75, 1.25, 6.00625]},
			"faces": {
				"north": {"uv": [12, 8, 13, 9], "rotation": 90, "texture": "#1_1"},
				"east": {"uv": [6, 9, 11, 10], "rotation": 180, "texture": "#1_1"},
				"south": {"uv": [13, 6, 14, 7], "rotation": 270, "texture": "#1_1"},
				"west": {"uv": [6, 6, 11, 7], "texture": "#1_1"},
				"up": {"uv": [3, 4, 8, 5], "rotation": 270, "texture": "#1_1"},
				"down": {"uv": [7, 5, 12, 6], "rotation": 270, "texture": "#1_1"}
			}
		},
		{
			"from": [3.75, 1.00625, 5.00625],
			"to": [6, 1.75625, 13.50625],
			"rotation": {"angle": 0, "axis": "z", "origin": [4.75, 1.25, 6.00625]},
			"faces": {
				"north": {"uv": [0, 0, 0.75, 3.25], "rotation": 90, "texture": "#2"},
				"east": {"uv": [0, 3, 9, 4], "rotation": 180, "texture": "#2"},
				"south": {"uv": [14, 0, 15, 2], "rotation": 270, "texture": "#2"},
				"west": {"uv": [0, 0, 8.5, 0.75], "texture": "#2"},
				"up": {"uv": [8, 3, 16, 5], "rotation": 270, "texture": "#2"},
				"down": {"uv": [0, 0, 8, 2], "rotation": 270, "texture": "#2"}
			}
		},
		{
			"from": [7, 1, 8],
			"to": [11, 5, 13],
			"rotation": {"angle": 0, "axis": "y", "origin": [16, 9, 11]},
			"faces": {
				"north": {"uv": [0, 0, 4, 4], "texture": "#1"},
				"east": {"uv": [8, 11, 13, 15], "texture": "#1"},
				"south": {"uv": [10, 9, 14, 13], "texture": "#1"},
				"west": {"uv": [0, 5, 5, 9], "texture": "#1"},
				"up": {"uv": [5, 3, 9, 13], "texture": "#1"}
			}
		},
		{
			"from": [7, 1, 3],
			"to": [11, 2, 7],
			"rotation": {"angle": 0, "axis": "y", "origin": [16, 9, 7]},
			"faces": {
				"north": {"uv": [12, 13, 16, 14], "texture": "#1"},
				"east": {"uv": [6, 12, 10, 13], "texture": "#1"},
				"south": {"uv": [0, 4, 4, 5], "texture": "#1"},
				"west": {"uv": [0, 3, 4, 4], "texture": "#1"},
				"up": {"uv": [0, 0, 4, 4], "texture": "#1"}
			}
		}
	],
	"display": {
		"fixed": {
			"rotation": [-90, 0, 0],
			"translation": [0, 0, -15.75],
			"scale": [2.1, 2.1, 2.1]
		}
	},
	"groups": [0,
		{
			"name": "breadKnife",
			"origin": [8, 8, 8],
			"children": [1, 2]
		},
		{
			"name": "bread",
			"origin": [15, 9, 7],
			"children": [3, 4]
		}
	]
}