{
	"credit": "Made with Blockbench",
	"ambientocclusion": false,
	"textures": {
		"0": "block/bonsai_leaves",
		"1": "block/bonsai_dirt",
		"2": "block/bonsai_pot",
		"3": "block/bonsai_log",
		"particle": "block/bonsai_leaves"
	},
	"elements": [
		{
			"from": [6, 0, 10],
			"to": [9, 1, 11],
			"rotation": {"angle": 0, "axis": "y", "origin": [8, 0.5, 8]},
			"faces": {
				"north": {"uv": [0, 0, 3, 1], "texture": "#2"},
				"east": {"uv": [0, 0, 1, 1], "texture": "#2"},
				"south": {"uv": [7, 5, 10, 6], "texture": "#2"},
				"west": {"uv": [0, 0, 1, 1], "texture": "#2"},
				"up": {"uv": [0, 0, 1, 3], "rotation": 90, "texture": "#2"},
				"down": {"uv": [7, 5, 9, 6], "texture": "#2"}
			}
		},
		{
			"from": [6, 0, 5],
			"to": [9, 1, 6],
			"rotation": {"angle": 0, "axis": "y", "origin": [8, 0.5, 8]},
			"faces": {
				"north": {"uv": [7, 6, 10, 7], "texture": "#2"},
				"east": {"uv": [0, 0, 1, 1], "texture": "#2"},
				"south": {"uv": [0, 0, 3, 1], "texture": "#2"},
				"west": {"uv": [0, 0, 1, 1], "texture": "#2"},
				"up": {"uv": [0, 0, 1, 3], "rotation": 90, "texture": "#2"},
				"down": {"uv": [7, 5, 9, 6], "texture": "#2"}
			}
		},
		{
			"from": [10, 0, 7],
			"to": [11, 1, 9],
			"rotation": {"angle": 0, "axis": "y", "origin": [0, 0, 0]},
			"faces": {
				"north": {"uv": [0, 0, 1, 1], "texture": "#2"},
				"east": {"uv": [7, 5, 9, 6], "texture": "#2"},
				"south": {"uv": [0, 0, 1, 1], "texture": "#2"},
				"west": {"uv": [0, 0, 2, 1], "texture": "#2"},
				"up": {"uv": [0, 0, 1, 2], "texture": "#2"},
				"down": {"uv": [7, 5, 9, 6], "texture": "#2"}
			}
		},
		{
			"from": [4, 0, 7],
			"to": [5, 1, 9],
			"rotation": {"angle": 0, "axis": "y", "origin": [0, 0, 0]},
			"faces": {
				"north": {"uv": [5, 5, 6, 6], "texture": "#2"},
				"east": {"uv": [0, 0, 2, 1], "texture": "#2"},
				"south": {"uv": [0, 0, 1, 1], "texture": "#2"},
				"west": {"uv": [8, 7, 10, 8], "texture": "#2"},
				"up": {"uv": [0, 0, 1, 2], "texture": "#2"},
				"down": {"uv": [7, 5, 9, 6], "texture": "#2"}
			}
		},
		{
			"from": [5, 1, 5],
			"to": [10, 2, 6],
			"rotation": {"angle": 0, "axis": "y", "origin": [0, 0, 0]},
			"faces": {
				"north": {"uv": [5, 6, 10, 7], "texture": "#2"},
				"east": {"uv": [0, 0, 1, 1], "texture": "#2"},
				"south": {"uv": [0, 0, 5, 1], "texture": "#2"},
				"west": {"uv": [0, 0, 1, 1], "texture": "#2"},
				"up": {"uv": [7, 6, 12, 7], "texture": "#2"},
				"down": {"uv": [0, 0, 5, 1], "texture": "#2"}
			}
		},
		{
			"from": [5, 1, 10],
			"to": [10, 2, 11],
			"rotation": {"angle": 0, "axis": "y", "origin": [0, 0, 0]},
			"faces": {
				"north": {"uv": [0, 0, 5, 1], "texture": "#2"},
				"east": {"uv": [0, 0, 1, 1], "texture": "#2"},
				"south": {"uv": [6, 9, 11, 10], "texture": "#2"},
				"west": {"uv": [0, 0, 1, 1], "texture": "#2"},
				"up": {"uv": [5, 5, 10, 6], "texture": "#2"},
				"down": {"uv": [0, 0, 5, 1], "texture": "#2"}
			}
		},
		{
			"from": [4, 1, 6],
			"to": [5, 2, 10],
			"rotation": {"angle": 0, "axis": "y", "origin": [0, 0, 0]},
			"faces": {
				"north": {"uv": [0, 0, 1, 1], "texture": "#2"},
				"east": {"uv": [0, 0, 4, 1], "texture": "#2"},
				"south": {"uv": [0, 0, 1, 1], "texture": "#2"},
				"west": {"uv": [12, 9, 16, 10], "texture": "#2"},
				"up": {"uv": [6, 3, 7, 7], "texture": "#2"},
				"down": {"uv": [0, 0, 1, 4], "texture": "#2"}
			}
		},
		{
			"from": [10, 1, 6],
			"to": [11, 2, 10],
			"rotation": {"angle": 0, "axis": "y", "origin": [0, 0, 0]},
			"faces": {
				"north": {"uv": [0, 0, 1, 1], "texture": "#2"},
				"east": {"uv": [3, 4, 7, 5], "texture": "#2"},
				"south": {"uv": [0, 0, 1, 1], "texture": "#2"},
				"west": {"uv": [0, 0, 4, 1], "texture": "#2"},
				"up": {"uv": [8, 5, 9, 9], "texture": "#2"},
				"down": {"uv": [0, 0, 1, 4], "texture": "#2"}
			}
		},
		{
			"from": [5, 0, 6],
			"to": [10, 1.7, 10],
			"rotation": {"angle": 0, "axis": "y", "origin": [0, 0, 0]},
			"faces": {
				"north": {"uv": [3, 2, 8, 4], "texture": "#2"},
				"east": {"uv": [0, 0, 4, 1.7], "texture": "#2"},
				"south": {"uv": [3, 2, 8, 4], "texture": "#2"},
				"west": {"uv": [3, 2, 8, 4], "texture": "#2"},
				"up": {"uv": [0, 0, 9, 7], "texture": "#1"},
				"down": {"uv": [7, 5, 9, 6], "texture": "#2"}
			}
		},
		{
			"name": "Main Canopy",
			"from": [2.45, 6.325, 5.75],
			"to": [8.7, 7.925, 10.25],
			"rotation": {"angle": -22.5, "axis": "z", "origin": [10.5, 4.5, 8.25]},
			"faces": {
				"north": {"uv": [0, 0, 16, 5], "texture": "#0"},
				"east": {"uv": [0, 0, 16, 5], "texture": "#0"},
				"south": {"uv": [0, 0, 16, 5], "texture": "#0"},
				"west": {"uv": [0, 0, 16, 5], "texture": "#0"},
				"up": {"uv": [0, 0, 16, 13], "texture": "#0"},
				"down": {"uv": [0, 0, 16, 13], "texture": "#0"}
			}
		},
		{
			"from": [7.58931, 3.10744, 7.85],
			"to": [9.08931, 3.90744, 8.65],
			"rotation": {"angle": 22.5, "axis": "z", "origin": [8, 8, 8]},
			"faces": {
				"north": {"uv": [11, 7, 13, 8], "texture": "#3"},
				"east": {"uv": [5, 7, 6, 8], "texture": "#3"},
				"south": {"uv": [9, 7, 11, 8], "texture": "#3"},
				"west": {"uv": [3, 7, 5, 8], "texture": "#3"},
				"up": {"uv": [1, 6, 3, 7], "texture": "#3"},
				"down": {"uv": [8, 11, 10, 12], "texture": "#3"}
			}
		},
		{
			"from": [8, 3.25, 7.75],
			"to": [9.5, 4.25, 8.75],
			"faces": {
				"north": {"uv": [14, 9, 16, 10], "texture": "#3"},
				"east": {"uv": [4, 9, 5, 10], "texture": "#3"},
				"south": {"uv": [8, 8, 10, 9], "texture": "#3"},
				"west": {"uv": [10, 11, 12, 12], "texture": "#3"},
				"up": {"uv": [10, 8, 12, 9], "texture": "#3"},
				"down": {"uv": [5, 7, 7, 8], "texture": "#3"}
			}
		},
		{
			"from": [9, 4.05, 7],
			"to": [12.25, 5.05, 9.5],
			"rotation": {"angle": -22.5, "axis": "z", "origin": [10.5, 4.5, 8.25]},
			"faces": {
				"north": {"uv": [0, 0, 16, 5], "texture": "#0"},
				"east": {"uv": [0, 0, 16, 5], "texture": "#0"},
				"south": {"uv": [0, 0, 16, 5], "texture": "#0"},
				"west": {"uv": [0, 0, 16, 5], "texture": "#0"},
				"up": {"uv": [0, 0, 16, 13], "texture": "#0"},
				"down": {"uv": [0, 0, 16, 16], "texture": "#0"}
			}
		},
		{
			"from": [4.5, 5, 7.35],
			"to": [6, 6, 8.35],
			"faces": {
				"north": {"uv": [7, 9, 9, 10], "texture": "#3"},
				"east": {"uv": [5, 7, 7, 8], "texture": "#3"},
				"south": {"uv": [11, 6, 13, 7], "texture": "#3"},
				"west": {"uv": [7, 2, 8, 3], "texture": "#3"},
				"up": {"uv": [4, 8, 6, 9], "texture": "#3"},
				"down": {"uv": [12, 6, 14, 7], "texture": "#3"}
			}
		},
		{
			"from": [3.04892, 5.24942, 7.45],
			"to": [4.54892, 6.04942, 8.25],
			"rotation": {"angle": -22.5, "axis": "z", "origin": [4.07392, 5.29942, 7.85]},
			"faces": {
				"north": {"uv": [8, 6, 10, 7], "texture": "#3"},
				"east": {"uv": [6, 7, 7, 8], "texture": "#3"},
				"south": {"uv": [6, 7, 8, 8], "texture": "#3"},
				"west": {"uv": [8, 3, 9, 4], "texture": "#3"},
				"up": {"uv": [4, 5, 6, 6], "texture": "#3"},
				"down": {"uv": [5, 5, 7, 6], "texture": "#3"}
			}
		},
		{
			"from": [1.54246, 6.17714, 6.75],
			"to": [4.79246, 7.17714, 9.25],
			"rotation": {"angle": 22.5, "axis": "z", "origin": [4.16746, 7.17714, 8.25]},
			"faces": {
				"north": {"uv": [0, 0, 16, 5], "texture": "#0"},
				"east": {"uv": [0, 0, 16, 5], "texture": "#0"},
				"south": {"uv": [0, 0, 16, 5], "texture": "#0"},
				"west": {"uv": [0, 0, 16, 5], "texture": "#0"},
				"up": {"uv": [0, 0, 16, 13], "texture": "#0"},
				"down": {"uv": [0, 0, 16, 16], "texture": "#0"}
			}
		},
		{
			"from": [6.25, 1.7, 6.85],
			"to": [8.6, 4, 9.1],
			"rotation": {"angle": 0, "axis": "y", "origin": [0, 0, 0]},
			"faces": {
				"north": {"uv": [4, 4, 7, 7], "texture": "#3"},
				"east": {"uv": [10, 6, 13, 9], "texture": "#3"},
				"south": {"uv": [10, 5, 13, 8], "texture": "#3"},
				"west": {"uv": [6, 12, 9, 15], "texture": "#3"},
				"up": {"uv": [4, 4, 7, 7], "texture": "#3"},
				"down": {"uv": [11, 4, 14, 7], "texture": "#3"}
			}
		},
		{
			"from": [6.425, 3.6, 7],
			"to": [8.425, 5.6, 9],
			"rotation": {"angle": 22.5, "axis": "z", "origin": [7.5, 4, 8]},
			"faces": {
				"north": {"uv": [11, 10, 13, 12], "texture": "#3"},
				"east": {"uv": [8, 8, 10, 10], "texture": "#3"},
				"south": {"uv": [12, 1, 14, 3], "texture": "#3"},
				"west": {"uv": [9, 2, 11, 4], "texture": "#3"},
				"up": {"uv": [4, 7, 6, 9], "texture": "#3"},
				"down": {"uv": [12, 7, 14, 9], "texture": "#3"}
			}
		},
		{
			"from": [5.9552, 5.06177, 7.1],
			"to": [7.6552, 7.06177, 8.9],
			"rotation": {"angle": 0, "axis": "z", "origin": [5.95, 5.05, 8]},
			"faces": {
				"north": {"uv": [9, 7, 11, 9], "texture": "#3"},
				"east": {"uv": [4, 11, 6, 13], "texture": "#3"},
				"south": {"uv": [12, 7, 14, 9], "texture": "#3"},
				"west": {"uv": [10, 10, 12, 12], "texture": "#3"},
				"up": {"uv": [4, 8, 6, 10], "texture": "#3"},
				"down": {"uv": [6, 10, 8, 12], "texture": "#3"}
			}
		},
		{
			"from": [6.0552, 7.06177, 7.2],
			"to": [7.5552, 9.06177, 8.8],
			"rotation": {"angle": 0, "axis": "z", "origin": [5.95, 5.05, 8]},
			"faces": {
				"north": {"uv": [8, 10, 10, 12], "texture": "#3"},
				"east": {"uv": [1, 7, 3, 9], "texture": "#3"},
				"south": {"uv": [8, 5, 10, 7], "texture": "#3"},
				"west": {"uv": [6, 4, 8, 6], "texture": "#3"},
				"up": {"uv": [11, 11, 13, 13], "texture": "#3"},
				"down": {"uv": [8, 8, 10, 10], "texture": "#3"}
			}
		}
	],
	"groups": [
		{
			"name": "Pot",
			"origin": [0, 0, 0],
			"children": [0, 1, 2, 3, 4, 5, 6, 7, 8]
		},
		{
			"name": "Tree",
			"origin": [5.95, 5.05, 8],
			"children": [9,
				{
					"name": "Branch1",
					"origin": [0, 0, 0],
					"children": [10, 11, 12]
				},
				{
					"name": "Branch2",
					"origin": [0, 0, 0],
					"children": [13, 14, 15]
				},
				{
					"name": "Trunk",
					"origin": [5.95, 5.05, 8],
					"children": [16, 17, 18, 19]
				}
			]
		}
	]
}