{
	"credit": "Made by TheBanditOfRed for Lasagn Season 5",
	"parent": "block/block",
	"textures": {
		"1": "block/scaffolding_bottom",
		"2": "block/scaffolding_top",
		"4": "block/scaffolding_side",
		"particle": "block/scaffolding_side"
	},
	"elements": [
		{
			"from": [
				7,
				0,
				7
			],
			"to": [
				9,
				16,
				9
			],
			"rotation": {
				"angle": 0,
				"axis": "y",
				"origin": [
					16,
					8,
					16
				]
			},
			"faces": {
				"north": {
					"uv": [
						6,
						0,
						8,
						16
					],
					"texture": "#4"
				},
				"east": {
					"uv": [
						4,
						0,
						6,
						16
					],
					"texture": "#4"
				},
				"south": {
					"uv": [
						2,
						0,
						4,
						16
					],
					"texture": "#4"
				},
				"west": {
					"uv": [
						0,
						0,
						2,
						16
					],
					"texture": "#4"
				},
				"up": {
					"uv": [
						2,
						8,
						4,
						10
					],
					"texture": "#2"
				},
				"down": {
					"uv": [
						3,
						12,
						5,
						14
					],
					"texture": "#1"
				}
			}
		}
	]
}