{
	"credit": "Made with Blockbench",
	"textures": {
		"0": "block/spruce_planks",
		"1": "block/spruce_log",
		"2": "block/iron_block",
		"particle": "block/spruce_planks"
	},
	"elements": [
		{
			"from": [0, 0, 2],
			"to": [16, 1, 14],
			"rotation": {"angle": 0, "axis": "y", "origin": [8, 8, 11]},
			"faces": {
				"north": {"uv": [0, 0, 16, 1], "texture": "#0"},
				"east": {"uv": [0, 0, 12, 1], "texture": "#0"},
				"south": {"uv": [0, 0, 16, 1], "texture": "#0"},
				"west": {"uv": [0, 0, 12, 1], "texture": "#0"},
				"up": {"uv": [0, 0, 16, 12], "texture": "#0"},
				"down": {"uv": [0, 0, 16, 12], "texture": "#0"}
			}
		},
		{
			"from": [0.75, 5, 7.825],
			"to": [6.25, 6.15, 8.95],
			"rotation": {"angle": -22.5, "axis": "z", "origin": [6.75, 5, 8.50625]},
			"faces": {
				"north": {"uv": [3, 4, 8, 5], "texture": "#1"},
				"east": {"uv": [13, 6, 14, 7], "texture": "#1"},
				"south": {"uv": [7, 5, 12, 6], "texture": "#1"},
				"west": {"uv": [12, 8, 13, 9], "texture": "#1"},
				"up": {"uv": [6, 6, 11, 7], "texture": "#1"},
				"down": {"uv": [6, 9, 11, 10], "texture": "#1"}
			}
		},
		{
			"from": [5.75, 2.75, 8],
			"to": [14.25, 6, 8.75],
			"rotation": {"angle": -22.5, "axis": "z", "origin": [6.75, 5, 8.50625]},
			"faces": {
				"north": {"uv": [8, 0, 16, 3], "texture": "#2"},
				"east": {"uv": [11, 0, 12, 3], "texture": "#2"},
				"south": {"uv": [0, 0, 8.5, 3.25], "texture": "#2"},
				"west": {"uv": [0, 0, 0.75, 3.25], "texture": "#2"},
				"up": {"uv": [0, 0, 8.5, 0.75], "texture": "#2"},
				"down": {"uv": [0, 3, 9, 4], "texture": "#2"}
			}
		}
	],
	"display": {
		"fixed": {
			"rotation": [-90, 0, 0],
			"translation": [0, 0, -15.75],
			"scale": [2, 2.1, 2.1]
		}
	},
	"groups": [0,
		{
			"name": "meatClever",
			"origin": [8, 8, 8],
			"children": [1, 2]
		}
	]
}